Gene stable ID	Transcript stable ID	Chromosome/scaffold name	Gene start (bp)	Gene end (bp)	Strand
ENSG00000284532	ENST00000585070	17	28360654	28360734	1
ENSG00000238933	ENST00000459194	9	61642383	61642494	1
ENSG00000275693	ENST00000620386	10	88992370	88992539	1
ENSG00000275451	ENST00000618314	15	62343029	62343138	1
ENSG00000222870	ENST00000410938	7	94495299	94495404	1
ENSG00000252023	ENST00000516214	7	120672871	120672975	1
ENSG00000211579	ENST00000390224	13	52810050	52810140	1
ENSG00000206663	ENST00000383936	X	19985058	19985159	-1
ENSG00000242893	ENST00000482700	13	51593919	51594215	-1
ENSG00000241074	ENST00000489529	2	168451324	168451606	1
ENSG00000264763	ENST00000585286	10	112634170	112634254	1
ENSG00000283867	ENST00000408840	10	103394253	103394401	-1
ENSG00000276872	ENST00000616048	KI270727.1	417283	418206	1
ENSG00000207975	ENST00000385240	1	198858873	198858982	-1
ENSG00000252486	ENST00000516677	X	27252119	27252235	-1
ENSG00000200336	ENST00000363466	11	18248389	18248506	-1
ENSG00000238764	ENST00000458802	X	17357930	17358033	1
ENSG00000201724	ENST00000364854	15	99681786	99681877	-1
ENSG00000238875	ENST00000459176	22	39874255	39874515	-1
ENSG00000275424	ENST00000615205	CHR_HSCHR6_MHC_APD_CTG1	30053585	30053688	1
ENSG00000207024	ENST00000384297	11	64296037	64296138	1
ENSG00000239504	ENST00000475692	1	88477828	88478114	-1
ENSG00000264881	ENST00000577266	1	10227718	10227803	1
ENSG00000201884	ENST00000365014	10	121846600	121846700	1
ENSG00000212580	ENST00000391278	2	49888868	49888986	-1
ENSG00000277460	ENST00000614690	22	27919384	27919545	1
ENSG00000276730	ENST00000616606	9	36072686	36072762	1
ENSG00000201026	ENST00000364156	5	2184710	2184820	1
ENSG00000202174	ENST00000365304	2	132253154	132253305	-1
ENSG00000252039	ENST00000516230	17	42891338	42891435	-1
ENSG00000200661	ENST00000363791	15	25074114	25074215	1
ENSG00000223198	ENST00000411266	2	231501990	231502201	-1
ENSG00000252759	ENST00000516950	2	200863152	200863247	-1
ENSG00000274234	ENST00000485099	Y	24210958	24211216	-1
ENSG00000222220	ENST00000410288	7	94801514	94801812	1
ENSG00000275568	ENST00000622253	CHR_HSCHR15_4_CTG8	32695437	32720246	1
ENSG00000275568	ENST00000619401	CHR_HSCHR15_4_CTG8	32695437	32720246	1
ENSG00000275568	ENST00000611363	CHR_HSCHR15_4_CTG8	32695437	32720246	1
ENSG00000207340	ENST00000384610	1	148362370	148362533	-1
ENSG00000200867	ENST00000363997	4	7112088	7112399	-1
ENSG00000277344	ENST00000516290	1	16534081	16534224	-1
ENSG00000252950	ENST00000517141	21	32563075	32563210	1
ENSG00000244389	ENST00000491451	1	70180144	70180440	-1
ENSG00000199246	ENST00000362376	6	153681447	153681553	1
ENSG00000275049	ENST00000610645	CHR_HSCHR15_5_CTG8	82403250	82412947	-1
ENSG00000251976	ENST00000516167	2	136390332	136390669	1
ENSG00000276804	ENST00000620820	CHR_HSCHR19LRC_LRC_J_CTG3_1	54956665	54980661	-1
ENSG00000276804	ENST00000618995	CHR_HSCHR19LRC_LRC_J_CTG3_1	54956665	54980661	-1
ENSG00000264998	ENST00000580281	CHR_HSCHR6_MHC_APD_CTG1	32556348	32556496	-1
ENSG00000276565	ENST00000617253	CHR_HSCHR11_1_CTG6	1586202	1591699	1
ENSG00000252079	ENST00000516270	12	132835374	132835500	-1
ENSG00000238419	ENST00000458818	17	47259358	47259420	-1
ENSG00000265753	ENST00000578948	1	151300665	151300964	-1
ENSG00000199440	ENST00000362570	14	77821030	77821142	-1
ENSG00000253085	ENST00000517276	1	13696070	13696199	-1
ENSG00000252882	ENST00000517073	17	43395993	43396091	-1
ENSG00000201136	ENST00000364266	15	43702363	43702470	1
ENSG00000199390	ENST00000362520	14	100963054	100963130	1
ENSG00000222990	ENST00000411058	14	88513498	88513663	1
ENSG00000201633	ENST00000364763	4	83636196	83636290	-1
ENSG00000243871	ENST00000468140	15	43391384	43391727	-1
ENSG00000251958	ENST00000516149	1	78088988	78089083	-1
ENSG00000201882	ENST00000365012	X	20136066	20136135	-1
ENSG00000222931	ENST00000410999	14	23791930	23792236	1
ENSG00000212354	ENST00000391052	18	39678520	39678622	-1
ENSG00000199906	ENST00000363036	3	40498891	40499003	-1
ENSG00000266503	ENST00000579233	22	28642979	28643270	-1
ENSG00000201326	ENST00000364456	15	25209918	25209999	1
ENSG00000199226	ENST00000362356	X	46517766	46517868	1
ENSG00000274500	ENST00000612234	7	130489868	130489966	1
ENSG00000251834	ENST00000516025	9	15431899	15432006	-1
ENSG00000265074	ENST00000580475	CHR_HSCHR6_MHC_MANN_CTG1	32672452	32672615	-1
ENSG00000274430	ENST00000614715	X	73944332	73944466	1
ENSG00000201938	ENST00000365068	9	96103079	96103174	-1
ENSG00000239710	ENST00000464677	1	92974827	92975114	-1
ENSG00000201403	ENST00000364533	11	17075779	17075868	-1
ENSG00000207334	ENST00000384604	8	118976513	118976619	1
ENSG00000276479	ENST00000616567	8	119325171	119325265	1
ENSG00000222862	ENST00000410930	8	27679836	27679935	1
ENSG00000278587	ENST00000622331	14	30519161	30519318	1
ENSG00000263974	ENST00000584223	19	2595019	2595291	-1
ENSG00000200325	ENST00000363455	20	30309015	30309126	-1
ENSG00000266206	ENST00000578598	8	12727232	12727304	-1
ENSG00000281024	ENST00000630633	CHR_HG2030_PATCH	133356700	133361317	1
ENSG00000281024	ENST00000627396	CHR_HG2030_PATCH	133356700	133361317	1
ENSG00000281024	ENST00000626704	CHR_HG2030_PATCH	133356700	133361317	1
ENSG00000283386	ENST00000636806	8	6745168	6745240	-1
ENSG00000207032	ENST00000384305	9	34389943	34390051	-1
ENSG00000266668	ENST00000577959	7	97964405	97964481	-1
ENSG00000275646	ENST00000617906	5	136133696	136133826	1
ENSG00000238382	ENST00000459179	1	232700204	232700308	1
ENSG00000278695	ENST00000616938	CHR_HSCHR22_1_CTG7	23957418	23961206	-1
ENSG00000199392	ENST00000362522	18	77431563	77431689	-1
ENSG00000223138	ENST00000411206	18	9923920	9924021	1
ENSG00000274917	ENST00000611446	GL000220.1	112025	112177	1
ENSG00000207217	ENST00000384488	7	6016877	6017011	1
ENSG00000221461	ENST00000408534	8	123180310	123180525	-1
ENSG00000252089	ENST00000516280	20	54859688	54859812	-1
ENSG00000199032	ENST00000362162	3	49020148	49020234	-1
ENSG00000276546	ENST00000619005	21	7663911	7664011	-1
ENSG00000206637	ENST00000383910	1	201978461	201978595	1
ENSG00000201114	ENST00000364244	1	114490724	114490832	1
ENSG00000274520	ENST00000620900	2	44932320	44932406	1
ENSG00000277139	ENST00000614682	CHR_HSCHR5_2_CTG1_1	69530371	69530475	-1
ENSG00000244384	ENST00000473502	2	232649849	232650136	1
ENSG00000202193	ENST00000365323	16	53337453	53337571	1
ENSG00000265954	ENST00000578197	19	49854591	49854651	1
ENSG00000201329	ENST00000364459	8	43378297	43378510	1
ENSG00000221711	ENST00000408784	4	77702746	77702803	-1
ENSG00000240327	ENST00000463035	X	113976341	113976633	-1
ENSG00000275775	ENST00000363400	CHR_HSCHR17_1_CTG5	46660217	46660318	1
ENSG00000253035	ENST00000517226	11	122451474	122451599	1
ENSG00000265102	ENST00000585264	15	35372256	35372364	-1
ENSG00000252322	ENST00000516513	4	88583666	88583972	-1
ENSG00000244732	ENST00000460111	3	47560229	47560524	-1
ENSG00000283165	ENST00000636080	14	104117418	104117503	-1
ENSG00000276881	ENST00000618470	CHR_HSCHR14_7_CTG1	93437400	93437510	-1
ENSG00000222506	ENST00000410574	3	171439526	171439627	1
ENSG00000278232	ENST00000613260	CHR_HSCHR17_1_CTG5	46261820	46313387	-1
ENSG00000278232	ENST00000614143	CHR_HSCHR17_1_CTG5	46261820	46313387	-1
ENSG00000278232	ENST00000618382	CHR_HSCHR17_1_CTG5	46261820	46313387	-1
ENSG00000278232	ENST00000615345	CHR_HSCHR17_1_CTG5	46261820	46313387	-1
ENSG00000278232	ENST00000611599	CHR_HSCHR17_1_CTG5	46261820	46313387	-1
ENSG00000278232	ENST00000617446	CHR_HSCHR17_1_CTG5	46261820	46313387	-1
ENSG00000201567	ENST00000364697	X	95582064	95582162	1
ENSG00000278287	ENST00000610606	1	63549133	63549216	-1
ENSG00000274210	ENST00000622285	1	148522601	148522765	1
ENSG00000207009	ENST00000384282	4	1683420	1683529	-1
ENSG00000265942	ENST00000584532	15	49042341	49042643	-1
ENSG00000200869	ENST00000363999	16	6873899	6874005	1
ENSG00000274884	ENST00000621821	14	100826284	100826370	1
ENSG00000199303	ENST00000362433	6	99642237	99642347	-1
ENSG00000222230	ENST00000410298	4	38758791	38758892	-1
ENSG00000201789	ENST00000364919	1	146288596	146288696	1
ENSG00000239010	ENST00000459104	4	40377452	40377513	-1
ENSG00000253063	ENST00000517254	12	32477382	32477471	-1
ENSG00000252626	ENST00000516817	3	107007568	107007670	1
ENSG00000274672	ENST00000622524	CHR_HSCHR19LRC_LRC_J_CTG3_1	54190866	54195141	1
ENSG00000274672	ENST00000614734	CHR_HSCHR19LRC_LRC_J_CTG3_1	54190866	54195141	1
ENSG00000274672	ENST00000616209	CHR_HSCHR19LRC_LRC_J_CTG3_1	54190866	54195141	1
ENSG00000202345	ENST00000365475	5	168791498	168791610	1
ENSG00000222468	ENST00000410536	8	31598099	31598204	-1
ENSG00000278773	ENST00000611686	6	30061080	30061183	1
ENSG00000201737	ENST00000364867	2	200775584	200775750	1
ENSG00000199912	ENST00000363042	12	7800361	7800467	-1
ENSG00000199450	ENST00000362580	8	116022686	116022779	-1
ENSG00000273990	ENST00000621107	CHR_HSCHR1_4_CTG31	144523860	144524021	-1
ENSG00000206593	ENST00000383866	5	109014834	109014940	-1
ENSG00000201140	ENST00000364270	9	117197118	117197420	1
ENSG00000207255	ENST00000384525	2	35471605	35471708	1
ENSG00000206731	ENST00000384004	2	27642043	27642169	-1
ENSG00000275909	ENST00000447610	16	48432927	48433208	-1
ENSG00000222222	ENST00000410290	1	150236967	150237156	1
ENSG00000212485	ENST00000391183	8	74079537	74079643	1
ENSG00000206615	ENST00000383888	22	31388733	31388837	-1
ENSG00000239742	ENST00000474091	20	50557682	50557998	-1
ENSG00000199436	ENST00000362566	14	21392150	21392253	-1
ENSG00000277209	ENST00000516869	14	20343075	20343407	-1
ENSG00000252427	ENST00000516618	11	46758766	46758873	-1
ENSG00000252450	ENST00000516641	1	32286452	32286561	-1
ENSG00000206733	ENST00000384006	X	36021939	36022045	-1
ENSG00000251940	ENST00000516131	22	19249873	19249966	1
ENSG00000266756	ENST00000577577	8	102125432	102125515	1
ENSG00000280498	ENST00000628458	1	28580920	28581054	-1
ENSG00000251767	ENST00000515958	1	77420325	77420386	1
ENSG00000212545	ENST00000391243	7	79030240	79030345	1
ENSG00000275108	ENST00000614961	3	98987387	98987449	1
ENSG00000264833	ENST00000582256	2	119169822	119170115	1
ENSG00000277569	ENST00000617606	X	28495555	28495663	-1
ENSG00000252242	ENST00000516433	17	64825765	64825819	-1
ENSG00000212560	ENST00000391258	X	42139425	42139530	-1
ENSG00000276057	ENST00000614234	22	30971296	30971382	1
ENSG00000273836	ENST00000612539	8	27433370	27433434	1
ENSG00000202031	ENST00000365161	1	44777843	44777912	1
ENSG00000252153	ENST00000516344	9	94809962	94810057	1
ENSG00000274706	ENST00000622163	CHR_HSCHR3_9_CTG3	198071311	198071417	-1
ENSG00000200985	ENST00000364115	22	21792434	21792524	1
ENSG00000201709	ENST00000364839	15	65229861	65229967	1
ENSG00000207461	ENST00000384730	6	117457734	117457838	-1
ENSG00000200058	ENST00000363188	6	134257035	134257143	1
ENSG00000207419	ENST00000384688	6	11709819	11709960	1
ENSG00000223189	ENST00000411257	7	128627172	128627275	1
ENSG00000200034	ENST00000363164	2	9740643	9740783	-1
ENSG00000243991	ENST00000494711	3	193740471	193740715	-1
ENSG00000223290	ENST00000411358	2	154590407	154590528	1
ENSG00000199293	ENST00000362423	17	38852863	38852994	-1
ENSG00000278525	ENST00000461220	20	20738433	20738731	-1
ENSG00000240853	ENST00000484033	9	131725168	131725467	-1
ENSG00000206617	ENST00000383890	13	74289100	74289214	-1
ENSG00000242989	ENST00000482163	6	15112968	15113221	1
ENSG00000212420	ENST00000391118	15	89886485	89886591	-1
ENSG00000199031	ENST00000362161	19	53787675	53787741	1
ENSG00000272393	ENST00000605893	7	133082829	133082932	1
ENSG00000278104	ENST00000610339	6	30035916	30035983	1
ENSG00000273532	ENST00000612801	KI270721.1	51722	51792	1
ENSG00000264755	ENST00000583592	2	219058688	219058750	-1
ENSG00000221445	ENST00000408518	2	25328640	25328721	-1
ENSG00000266274	ENST00000577405	17	30959564	30959850	1
ENSG00000200112	ENST00000363242	12	115852648	115852718	-1
ENSG00000278190	ENST00000614042	CHR_HSCHR19KIR_FH13_A_HAP_CTG3_1	54868050	54868156	-1
ENSG00000206804	ENST00000384077	9	64880369	64880475	-1
ENSG00000284191	ENST00000390183	7	151238421	151238538	1
ENSG00000284564	ENST00000581130	17	64500774	64500839	-1
ENSG00000273613	ENST00000615860	16	18344013	18344079	-1
ENSG00000276197	ENST00000619317	GL000220.1	105287	105376	1
ENSG00000208025	ENST00000385290	7	96219662	96219756	-1
ENSG00000283454	ENST00000637405	CHR_HSCHR17_1_CTG5	45327366	45327497	-1
ENSG00000221455	ENST00000408528	6	92790453	92790665	1
ENSG00000283532	ENST00000637586	18	6374361	6374425	-1
ENSG00000212593	ENST00000391291	16	23441841	23441921	1
ENSG00000200153	ENST00000363283	16	70445293	70445399	-1
ENSG00000276048	ENST00000611000	2	44937426	44937696	1
ENSG00000211582	ENST00000390227	14	101026020	101026107	1
ENSG00000239595	ENST00000484117	17	31465543	31465832	1
ENSG00000201821	ENST00000364951	13	21038529	21038667	-1
ENSG00000207227	ENST00000384498	22	37891347	37891448	1
ENSG00000266494	ENST00000578353	6	41598723	41598788	1
ENSG00000264582	ENST00000477493	1	40804846	40805141	1
ENSG00000239964	ENST00000483066	6	36522191	36522501	1
ENSG00000215991	ENST00000401172	14	23417987	23418063	-1
ENSG00000276047	ENST00000579731	5	123070782	123071080	1
ENSG00000199109	ENST00000362239	14	101023325	101023420	1
ENSG00000202479	ENST00000365609	2	24969388	24969477	-1
ENSG00000277492	ENST00000362899	X	70846079	70846295	-1
ENSG00000221537	ENST00000408610	14	64095024	64095125	-1
ENSG00000206835	ENST00000384108	1	232832017	232832187	-1
ENSG00000266581	ENST00000577344	11	88176502	88176593	1
ENSG00000241807	ENST00000480656	15	75785134	75785354	1
ENSG00000223224	ENST00000411292	16	71758402	71758487	-1
ENSG00000284508	ENST00000347538	20	62564912	62565013	1
ENSG00000265521	ENST00000578045	1	9967381	9967458	1
ENSG00000201241	ENST00000364371	15	19883614	19883716	1
ENSG00000199771	ENST00000362901	16	50869455	50869575	-1
ENSG00000251886	ENST00000516077	18	21120404	21120506	-1
ENSG00000221214	ENST00000408287	10	110988926	110989013	1
ENSG00000207390	ENST00000384660	CHR_HSCHR15_3_CTG8	44697333	44697430	-1
ENSG00000206675	ENST00000383948	4	39297605	39297711	-1
ENSG00000207647	ENST00000384914	2	219294111	219294200	-1
ENSG00000199765	ENST00000362895	5	31595565	31595669	-1
ENSG00000212521	ENST00000391219	9	98032230	98032335	1
ENSG00000281185	ENST00000627846	CHR_HSCHR6_MHC_COX_CTG1	28510773	28515743	-1
ENSG00000252857	ENST00000517048	7	55685977	55686081	1
ENSG00000283603	ENST00000638058	12	25874020	25874079	-1
ENSG00000283672	ENST00000636979	10	87503881	87503954	1
ENSG00000207735	ENST00000385002	19	53720096	53720182	1
ENSG00000206776	ENST00000384049	8	119388348	119388469	1
ENSG00000202265	ENST00000365395	8	57289552	57289649	1
ENSG00000252456	ENST00000516647	17	4056756	4056876	-1
ENSG00000200370	ENST00000363500	1	228646040	228646158	-1
ENSG00000202237	ENST00000365367	13	28703702	28703807	-1
ENSG00000200719	ENST00000363849	8	29048494	29048604	-1
ENSG00000285757	ENST00000650192	17	45327366	45327497	-1
ENSG00000206679	ENST00000383952	1	95125511	95125609	-1
ENSG00000222831	ENST00000410899	1	235853000	235853060	-1
ENSG00000206863	ENST00000384136	18	24124170	24124285	-1
ENSG00000277057	ENST00000617283	17	38914979	38915042	1
ENSG00000283899	ENST00000390787	1	51836344	51836402	-1
ENSG00000199574	ENST00000362704	15	66501250	66501318	-1
ENSG00000200728	ENST00000363858	10	96112747	96112851	1
ENSG00000243532	ENST00000462522	8	70654578	70654883	-1
ENSG00000284424	ENST00000579485	17	31534883	31534971	1
ENSG00000284202	ENST00000385223	1	98046070	98046171	-1
ENSG00000251732	ENST00000515923	5	107810629	107810924	1
ENSG00000239078	ENST00000459426	8	9072455	9072516	-1
ENSG00000207504	ENST00000384773	1	67541127	67541233	1
ENSG00000238819	ENST00000459482	15	46351662	46351746	-1
ENSG00000278221	ENST00000611011	16	16324588	16324654	1
ENSG00000252163	ENST00000516354	X	138397351	138397628	1
ENSG00000200492	ENST00000363622	6	92119423	92119633	1
ENSG00000263675	ENST00000580821	1	37500935	37500994	-1
ENSG00000242101	ENST00000494042	7	100530362	100530659	-1
ENSG00000206600	ENST00000383873	3	195214787	195214893	1
ENSG00000283736	ENST00000606601	16	15643294	15643372	1
ENSG00000252367	ENST00000516558	20	5113993	5114083	-1
ENSG00000199961	ENST00000363091	17	76561109	76561192	1
ENSG00000277032	ENST00000611372	CHR_HSCHR14_7_CTG1	93397139	93397234	-1
ENSG00000207145	ENST00000384416	11	93733466	93733597	-1
ENSG00000200966	ENST00000364096	9	100581079	100581379	-1
ENSG00000199251	ENST00000362381	2	207680533	207680639	-1
ENSG00000265059	ENST00000582199	CHR_HSCHR6_MHC_MANN_CTG1	32549943	32550090	-1
ENSG00000252480	ENST00000516671	7	39768341	39768444	1
ENSG00000200959	ENST00000364089	5	139278781	139278978	1
ENSG00000199804	ENST00000362934	14	24158603	24158722	1
ENSG00000276669	ENST00000618659	11	86216596	86216878	1
ENSG00000199466	ENST00000362596	10	124766196	124766297	1
ENSG00000264997	ENST00000584451	11	109263494	109263564	-1
ENSG00000239468	ENST00000494652	7	148890226	148890513	1
ENSG00000252998	ENST00000517189	10	2098167	2098269	1
ENSG00000263432	ENST00000577215	5	123022487	123022783	-1
ENSG00000201436	ENST00000364566	5	16941843	16941951	-1
ENSG00000207434	ENST00000384703	1	12922554	12922660	1
ENSG00000201856	ENST00000364986	11	13907484	13907590	-1
ENSG00000277168	ENST00000616313	1	37953508	37953780	1
ENSG00000264391	ENST00000577964	5	76836900	76837195	-1
ENSG00000275816	ENST00000622700	1	51060018	51060103	1
ENSG00000239494	ENST00000476398	1	169859756	169860052	1
ENSG00000277035	ENST00000621563	2	28134408	28134585	-1
ENSG00000199809	ENST00000362939	12	118829681	118829805	1
ENSG00000202019	ENST00000365149	22	31230071	31230172	-1
ENSG00000222778	ENST00000410846	3	144186905	144187020	-1
ENSG00000239390	ENST00000497657	5	144140879	144141166	1
ENSG00000266716	ENST00000584417	CHR_HSCHR6_MHC_SSTO_CTG1	31654037	31654150	1
ENSG00000251819	ENST00000516010	15	100551820	100551922	-1
ENSG00000274883	ENST00000617458	17	45931806	45932083	1
ENSG00000266754	ENST00000581152	10	103974515	103974814	-1
ENSG00000240347	ENST00000466169	7	80318253	80318544	1
ENSG00000202048	ENST00000365178	14	100981004	100981075	1
ENSG00000252744	ENST00000516935	1	148330271	148330394	1
ENSG00000239108	ENST00000459214	2	132152243	132152349	-1
ENSG00000251914	ENST00000516105	1	20841241	20841302	1
ENSG00000252660	ENST00000516851	12	62935701	62935802	1
ENSG00000222952	ENST00000411020	1	13623184	13623284	-1
ENSG00000216075	ENST00000401256	X	145994275	145994351	-1
ENSG00000199381	ENST00000362511	13	72881108	72881214	-1
ENSG00000252534	ENST00000516725	17	60748940	60749046	-1
ENSG00000200571	ENST00000363701	3	136430084	136430183	-1
ENSG00000283770	ENST00000618543	8	144400277	144400345	-1
ENSG00000212464	ENST00000391162	10	100237156	100237302	-1
ENSG00000223269	ENST00000411337	11	99120176	99120490	1
ENSG00000251896	ENST00000516087	15	25101575	25101666	1
ENSG00000273571	ENST00000619089	7	116954983	116955154	1
ENSG00000281780	ENST00000625269	2	206161841	206161929	1
ENSG00000212232	ENST00000390930	20	17962710	17962946	-1
ENSG00000252537	ENST00000516728	10	16005808	16005923	1
ENSG00000243374	ENST00000460697	7	148438309	148438577	1
ENSG00000284047	ENST00000617724	7	2257515	2257577	-1
ENSG00000202379	ENST00000365509	3	108574565	108574698	1
ENSG00000252507	ENST00000516698	2	54850289	54850352	1
ENSG00000252307	ENST00000516498	4	9411178	9411253	-1
ENSG00000212391	ENST00000391089	2	226968989	226969122	-1
ENSG00000253007	ENST00000517198	22	33704786	33704920	-1
ENSG00000207559	ENST00000384828	4	165386242	165386337	1
ENSG00000277740	ENST00000614579	8	69851148	69851436	-1
ENSG00000199652	ENST00000362782	8	135742343	135742495	-1
ENSG00000274566	ENST00000613649	CHR_HSCHR19LRC_LRC_S_CTG3_1	55021410	55045969	-1
ENSG00000274566	ENST00000614889	CHR_HSCHR19LRC_LRC_S_CTG3_1	55021410	55045969	-1
ENSG00000207492	ENST00000384761	12	40554161	40554267	-1
ENSG00000206980	ENST00000384253	1	151747597	151747700	-1
ENSG00000207589	ENST00000384857	X	147236913	147237027	-1
ENSG00000266690	ENST00000579577	4	7460028	7460118	1
ENSG00000206592	ENST00000383865	5	79220942	79221073	1
ENSG00000201793	ENST00000364923	13	99205708	99206006	1
ENSG00000277029	ENST00000612197	17	36404826	36404932	-1
ENSG00000222765	ENST00000410833	4	65807240	65807435	-1
ENSG00000276055	ENST00000615643	3	151079506	151079584	1
ENSG00000200164	ENST00000363294	16	69191123	69191223	1
ENSG00000284567	ENST00000385204	X	66018870	66018979	1
ENSG00000200388	ENST00000363518	12	31396390	31396501	1
ENSG00000206983	ENST00000384256	X	37870109	37870215	1
ENSG00000284146	ENST00000401223	3	197674496	197674576	-1
ENSG00000238443	ENST00000459107	12	133238455	133238549	1
ENSG00000238926	ENST00000410980	X	72284945	72285045	-1
ENSG00000251715	ENST00000515906	13	72460519	72460601	-1
ENSG00000206616	ENST00000383889	15	23777437	23777543	-1
ENSG00000265328	ENST00000584917	3	103524033	103524116	-1
ENSG00000222249	ENST00000410317	11	119289562	119289677	-1
ENSG00000200785	ENST00000363915	14	21397292	21397401	-1
ENSG00000265327	ENST00000585204	3	40209005	40209304	1
ENSG00000202427	ENST00000365557	2	113681111	113681217	1
ENSG00000271841	ENST00000607194	3	17664963	17665025	1
ENSG00000281243	ENST00000630949	CHR_HG2030_PATCH	133350243	133350316	1
ENSG00000200108	ENST00000363238	4	84233657	84233763	1
ENSG00000251839	ENST00000516030	10	27232255	27232316	-1
ENSG00000284459	ENST00000637495	9	95086021	95086088	1
ENSG00000221255	ENST00000408328	2	7576841	7576971	1
ENSG00000202389	ENST00000365519	17	28022330	28022464	-1
ENSG00000206775	ENST00000384048	19	3982507	3982572	-1
ENSG00000284054	ENST00000616126	8	144262673	144262737	-1
ENSG00000222663	ENST00000410731	11	105824634	105824770	1
ENSG00000277085	ENST00000613108	CHR_HSCHR6_MHC_MANN_CTG1	30056241	30056344	1
ENSG00000263363	ENST00000582265	2	226658710	226658793	-1
ENSG00000251939	ENST00000516130	18	46121615	46121721	-1
ENSG00000265669	ENST00000584644	6	132115192	132115263	-1
ENSG00000264857	ENST00000578474	2	101309450	101309534	1
ENSG00000199636	ENST00000362766	18	24429505	24429609	1
ENSG00000221040	ENST00000408113	1	116278606	116278821	1
ENSG00000275968	ENST00000613021	13	105459815	105460015	1
ENSG00000207925	ENST00000385190	19	53725442	53725526	1
ENSG00000276824	ENST00000620587	6	33899135	33899200	1
ENSG00000264452	ENST00000583496	21	44439035	44439110	1
ENSG00000201892	ENST00000365022	2	140992543	140992659	1
ENSG00000274306	ENST00000615402	19	49682117	49682195	1
ENSG00000221710	ENST00000408783	X	114715233	114715344	1
ENSG00000207818	ENST00000385083	X	152394412	152394492	-1
ENSG00000207633	ENST00000384901	X	139924148	139924231	-1
ENSG00000284140	ENST00000580330	22	20085746	20085833	1
ENSG00000263730	ENST00000580135	X	39661216	39661321	1
ENSG00000277678	ENST00000621562	1	145169519	145169664	1
ENSG00000252136	ENST00000516327	4	105105987	105106094	1
ENSG00000264934	ENST00000582152	2	109141490	109141588	-1
ENSG00000201825	ENST00000364955	18	47234442	47234548	-1
ENSG00000284172	ENST00000640925	17	64822030	64822102	-1
ENSG00000207991	ENST00000385256	9	123402525	123402603	-1
ENSG00000264169	ENST00000578793	9	130400266	130400565	1
ENSG00000207984	ENST00000385249	X	147225826	147225952	-1
ENSG00000284261	ENST00000578157	7	44881748	44881800	-1
ENSG00000283801	ENST00000408051	19	71973	72110	1
ENSG00000264185	ENST00000581308	CHR_HSCHR6_MHC_COX_CTG1	31360589	31360695	1
ENSG00000252970	ENST00000517161	4	39936753	39936855	1
ENSG00000275651	ENST00000617060	9	33467869	33467935	-1
ENSG00000215943	ENST00000401124	X	145996669	145996743	-1
ENSG00000201033	ENST00000364163	3	27513871	27514032	1
ENSG00000221669	ENST00000408742	7	34940760	34940834	-1
ENSG00000277255	ENST00000620068	16	81533902	81533966	1
ENSG00000207797	ENST00000385062	18	35904818	35904926	-1
ENSG00000202344	ENST00000365474	2	55951654	55952014	-1
ENSG00000266189	ENST00000577404	17	81451104	81451188	-1
ENSG00000274969	ENST00000619793	16	50292616	50292675	1
ENSG00000280466	ENST00000629045	1	155925958	155926085	-1
ENSG00000264675	ENST00000581001	7	102293103	102293187	1
ENSG00000222490	ENST00000410558	3	90184634	90184733	1
ENSG00000252623	ENST00000516814	20	32008351	32008472	1
ENSG00000198983	ENST00000362113	5	55170532	55170622	-1
ENSG00000264226	ENST00000577639	13	41101019	41101100	-1
ENSG00000238531	ENST00000458770	19	10109757	10109835	1
ENSG00000221616	ENST00000408689	8	27048853	27048963	-1
ENSG00000283677	ENST00000637916	12	69584723	69584822	1
ENSG00000223281	ENST00000411349	8	98921233	98921550	-1
ENSG00000277073	ENST00000611729	5	10478037	10478145	1
ENSG00000200138	ENST00000363268	16	28183318	28183430	1
ENSG00000201499	ENST00000364629	2	200881715	200881821	-1
ENSG00000252428	ENST00000516619	9	72299720	72299838	-1
ENSG00000200084	ENST00000363214	16	89561434	89561517	1
ENSG00000266240	ENST00000578707	4	13627865	13627957	1
ENSG00000207963	ENST00000385228	3	171106664	171106759	-1
ENSG00000283346	ENST00000636908	16	15134075	15134145	-1
ENSG00000202317	ENST00000365447	11	66393449	66393612	1
ENSG00000283379	ENST00000636963	4	159128805	159128891	1
ENSG00000264984	ENST00000579525	11	9090312	9090379	-1
ENSG00000201183	ENST00000364313	1	148402715	148402875	1
ENSG00000276162	ENST00000619803	22	28459869	28459948	1
ENSG00000212446	ENST00000391144	17	44135883	44135989	-1
ENSG00000200279	ENST00000363409	14	100967052	100967123	1
ENSG00000207719	ENST00000384986	13	99356131	99356228	1
ENSG00000264658	ENST00000578126	4	7310450	7310524	1
ENSG00000200411	ENST00000363541	11	96474572	96474692	-1
ENSG00000199038	ENST00000362168	11	568089	568198	-1
ENSG00000276296	ENST00000616277	CHR_HSCHR19LRC_LRC_S_CTG3_1	54107066	54115801	-1
ENSG00000277269	ENST00000618871	7	130487483	130487622	1
ENSG00000278081	ENST00000610953	CHR_HSCHR19LRC_LRC_S_CTG3_1	54201473	54208260	1
ENSG00000278081	ENST00000630852	CHR_HSCHR19LRC_LRC_S_CTG3_1	54201473	54208260	1
ENSG00000222686	ENST00000410754	6	85751581	85751753	1
ENSG00000207650	ENST00000384917	3	195699401	195699497	1
ENSG00000207713	ENST00000384980	12	6963699	6963766	1
ENSG00000252681	ENST00000516872	Y	23740942	23741105	-1
ENSG00000239356	ENST00000491364	11	65695552	65695837	1
ENSG00000274589	ENST00000616888	11	18538885	18539189	1
ENSG00000198972	ENST00000362102	19	51692786	51692864	1
ENSG00000284074	ENST00000577688	20	62332487	62332557	-1
ENSG00000207805	ENST00000385070	11	2134134	2134209	-1
ENSG00000265370	ENST00000580643	10	119958513	119958592	1
ENSG00000206641	ENST00000383914	15	53764204	53764310	1
ENSG00000202240	ENST00000365370	18	57284602	57284708	-1
ENSG00000221028	ENST00000408101	1	201808611	201808702	1
ENSG00000201452	ENST00000364582	3	175767558	175767661	1
ENSG00000284488	ENST00000620931	3	49099854	49099914	-1
ENSG00000238627	ENST00000410986	21	25202207	25202315	1
ENSG00000283385	ENST00000637750	17	69099564	69099632	-1
ENSG00000244080	ENST00000498758	19	11516047	11516330	-1
ENSG00000252739	ENST00000516930	4	102837047	102837099	-1
ENSG00000210741	ENST00000388006	17	48632490	48632559	-1
ENSG00000252959	ENST00000517150	4	166053187	166053287	-1
ENSG00000221238	ENST00000408311	2	70252918	70253005	-1
ENSG00000206786	ENST00000384059	5	119138859	119138965	1
ENSG00000239856	ENST00000464648	11	86324012	86324309	-1
ENSG00000273648	ENST00000620577	16	5632467	5632566	1
ENSG00000200413	ENST00000363543	14	100987046	100987117	1
ENSG00000280263	ENST00000623630	22	16486985	16488322	1
ENSG00000223306	ENST00000411374	1	225741275	225741380	1
ENSG00000265172	ENST00000578394	2	11836933	11836986	-1
ENSG00000252619	ENST00000516810	21	42417497	42417593	-1
ENSG00000263918	ENST00000584160	16	14907717	14907781	1
ENSG00000275222	ENST00000616915	20	8998849	8999100	1
ENSG00000265673	ENST00000584178	15	23562062	23562131	-1
ENSG00000252357	ENST00000516548	1	173808489	173808622	1
ENSG00000252549	ENST00000516740	20	35647328	35647430	-1
ENSG00000212040	ENST00000390751	14	101031987	101032064	1
ENSG00000276134	ENST00000613143	CHR_HSCHR5_4_CTG1_1	125350868	125351131	-1
ENSG00000207803	ENST00000385068	19	53731006	53731090	1
ENSG00000212379	ENST00000391077	16	58378052	58378148	-1
ENSG00000243544	ENST00000460535	3	121653994	121654296	-1
ENSG00000202343	ENST00000365473	6	149594625	149594759	1
ENSG00000202275	ENST00000365405	14	103797272	103797348	-1
ENSG00000201059	ENST00000364189	11	21000881	21000997	-1
ENSG00000202200	ENST00000365330	6	128761717	128761808	-1
ENSG00000212051	ENST00000390762	18	24321686	24321735	1
ENSG00000277900	ENST00000619127	X	97081674	97081956	1
ENSG00000264200	ENST00000578405	11	103849906	103849980	1
ENSG00000283126	ENST00000637311	13	54311972	54312048	-1
ENSG00000239953	ENST00000481561	6	37361185	37361483	1
ENSG00000251878	ENST00000516069	4	184431966	184432049	1
ENSG00000251818	ENST00000516009	17	28018770	28018907	1
ENSG00000202071	ENST00000365201	3	66003839	66003940	-1
ENSG00000266852	ENST00000583050	10	104268336	104268405	-1
ENSG00000274697	ENST00000617899	12	111799834	111799905	1
ENSG00000251735	ENST00000515926	14	46960423	46960546	1
ENSG00000252161	ENST00000516352	10	53458197	53458288	1
ENSG00000207546	ENST00000384815	12	64622509	64622605	1
ENSG00000222344	ENST00000410412	2	229894346	229894453	1
ENSG00000212214	ENST00000390912	X	3532117	3532251	-1
ENSG00000265754	ENST00000578065	CHR_HSCHR6_MHC_MCF_CTG1	31699371	31699502	1
ENSG00000202050	ENST00000365180	6	24365651	24365754	1
ENSG00000263994	ENST00000581480	CHR_HSCHR6_MHC_SSTO_CTG1	31613823	31613954	1
ENSG00000264377	ENST00000583284	1	234306467	234306539	1
ENSG00000200987	ENST00000364117	15	25225203	25225284	1
ENSG00000274385	ENST00000618440	20	30713240	30713346	-1
ENSG00000207069	ENST00000384341	2	25008845	25008946	-1
ENSG00000200888	ENST00000364018	17	45071442	45071543	1
ENSG00000240966	ENST00000482763	4	87386883	87387174	-1
ENSG00000284219	ENST00000362219	10	133247511	133247620	-1
ENSG00000251953	ENST00000516144	Y	18346123	18346238	-1
ENSG00000207131	ENST00000384402	6	87826173	87826285	-1
ENSG00000201860	ENST00000364990	3	191641135	191641237	1
ENSG00000199695	ENST00000362825	22	31222745	31222853	-1
ENSG00000266110	ENST00000580922	1	85133794	85133873	1
ENSG00000222743	ENST00000410811	5	37619985	37620088	-1
ENSG00000200975	ENST00000364105	1	8206434	8206597	-1
ENSG00000273629	ENST00000616123	1	176217541	176217602	1
ENSG00000252086	ENST00000516277	1	219761789	219761875	1
ENSG00000253072	ENST00000517263	11	15481808	15481893	-1
ENSG00000275072	ENST00000364995	6	85677589	85677658	-1
ENSG00000252035	ENST00000516226	8	14487776	14487879	-1
ENSG00000199667	ENST00000362797	8	100185138	100185239	1
ENSG00000212389	ENST00000391087	2	147877422	147877528	1
ENSG00000241625	ENST00000466851	2	62491178	62491468	1
ENSG00000200238	ENST00000363368	3	56185104	56185222	1
ENSG00000275068	ENST00000618523	9	64082429	64082534	1
ENSG00000222421	ENST00000410489	9	127832635	127832743	-1
ENSG00000252479	ENST00000516670	10	31259599	31259704	1
ENSG00000212248	ENST00000390946	1	99978939	99979045	1
ENSG00000275208	ENST00000612694	11	47179611	47179737	-1
ENSG00000277264	ENST00000620680	6	32179816	32179876	1
ENSG00000274754	ENST00000621619	CHR_HSCHR17_1_CTG5	45881211	45881312	1
ENSG00000274011	ENST00000611137	9	98115885	98116135	1
ENSG00000212167	ENST00000390865	2	175022214	175022319	1
ENSG00000265092	ENST00000582855	10	125819740	125819822	1
ENSG00000200206	ENST00000363336	15	86173198	86173270	-1
ENSG00000276656	ENST00000612737	3	124374332	124374437	1
ENSG00000222320	ENST00000410388	18	31937533	31937639	1
ENSG00000252707	ENST00000516898	17	12036496	12036637	-1
ENSG00000200003	ENST00000363133	2	27475494	27475595	-1
ENSG00000283894	ENST00000640185	3	75630763	75630858	1
ENSG00000277154	ENST00000621588	CHR_HSCHR19LRC_COX1_CTG3_1	54115536	54131896	1
ENSG00000277154	ENST00000610903	CHR_HSCHR19LRC_COX1_CTG3_1	54115536	54131896	1
ENSG00000264978	ENST00000483714	12	93831076	93831372	1
ENSG00000238705	ENST00000459548	1	26554542	26554593	1
ENSG00000243424	ENST00000478127	8	80613544	80613826	-1
ENSG00000212295	ENST00000390993	6	156378750	156378824	1
ENSG00000277141	ENST00000613165	1	117243212	117243508	-1
ENSG00000284372	ENST00000616525	1	1339650	1339708	-1
ENSG00000277985	ENST00000384423	17	7577955	7578091	1
ENSG00000199713	ENST00000362843	18	58818883	58819016	-1
ENSG00000265301	ENST00000584780	2	35471405	35471486	1
ENSG00000206743	ENST00000384016	5	37700331	37700437	-1
ENSG00000252909	ENST00000517100	22	31837238	31837298	1
ENSG00000206631	ENST00000383904	10	94155639	94155745	-1
ENSG00000278198	ENST00000611619	GL000195.1	173872	179372	1
ENSG00000275577	ENST00000612105	CHR_HSCHR19LRC_COX2_CTG3_1	54040833	54063953	-1
ENSG00000275577	ENST00000613042	CHR_HSCHR19LRC_COX2_CTG3_1	54040833	54063953	-1
ENSG00000275577	ENST00000619907	CHR_HSCHR19LRC_COX2_CTG3_1	54040833	54063953	-1
ENSG00000275577	ENST00000617097	CHR_HSCHR19LRC_COX2_CTG3_1	54040833	54063953	-1
ENSG00000275577	ENST00000621018	CHR_HSCHR19LRC_COX2_CTG3_1	54040833	54063953	-1
ENSG00000273657	ENST00000614460	19	7617439	7617505	1
ENSG00000278109	ENST00000616636	17	43607436	43607723	-1
ENSG00000223156	ENST00000411224	10	16476003	16476164	1
ENSG00000263989	ENST00000584065	20	41290280	41290577	-1
ENSG00000212407	ENST00000391105	8	32911493	32911598	-1
ENSG00000200774	ENST00000363904	10	83067962	83068071	-1
ENSG00000265281	ENST00000583472	16	56245520	56245623	1
ENSG00000210049	ENST00000387314	MT	577	647	1
ENSG00000211459	ENST00000389680	MT	648	1601	1
ENSG00000210077	ENST00000387342	MT	1602	1670	1
ENSG00000210082	ENST00000387347	MT	1671	3229	1
ENSG00000209082	ENST00000386347	MT	3230	3304	1
ENSG00000198888	ENST00000361390	MT	3307	4262	1
ENSG00000210100	ENST00000387365	MT	4263	4331	1
ENSG00000210107	ENST00000387372	MT	4329	4400	-1
ENSG00000210112	ENST00000387377	MT	4402	4469	1
ENSG00000198763	ENST00000361453	MT	4470	5511	1
ENSG00000210117	ENST00000387382	MT	5512	5579	1
ENSG00000210127	ENST00000387392	MT	5587	5655	-1
ENSG00000210135	ENST00000387400	MT	5657	5729	-1
ENSG00000210140	ENST00000387405	MT	5761	5826	-1
ENSG00000210144	ENST00000387409	MT	5826	5891	-1
ENSG00000198804	ENST00000361624	MT	5904	7445	1
ENSG00000210151	ENST00000387416	MT	7446	7514	-1
ENSG00000210154	ENST00000387419	MT	7518	7585	1
ENSG00000198712	ENST00000361739	MT	7586	8269	1
ENSG00000210156	ENST00000387421	MT	8295	8364	1
ENSG00000207405	ENST00000384674	16	1962973	1963106	-1
ENSG00000266019	ENST00000582661	7	98881650	98881729	1
ENSG00000199953	ENST00000363083	17	45327366	45327497	-1
ENSG00000228253	ENST00000361851	MT	8366	8572	1
ENSG00000252517	ENST00000516708	2	194664107	194664174	-1
ENSG00000207128	ENST00000384399	8	10476223	10476329	1
ENSG00000198899	ENST00000361899	MT	8527	9207	1
ENSG00000265462	ENST00000581433	16	21506049	21506135	-1
ENSG00000239748	ENST00000469617	18	70512727	70513008	1
ENSG00000277568	ENST00000613756	5	146510116	146510271	1
ENSG00000198938	ENST00000362079	MT	9207	9990	1
ENSG00000252358	ENST00000516549	8	63609354	63609600	-1
ENSG00000210164	ENST00000387429	MT	9991	10058	1
ENSG00000198840	ENST00000361227	MT	10059	10404	1
ENSG00000210174	ENST00000387439	MT	10405	10469	1
ENSG00000212907	ENST00000361335	MT	10470	10766	1
ENSG00000263572	ENST00000584820	6	6169304	6169435	-1
ENSG00000207129	ENST00000384400	5	88274258	88274376	-1
ENSG00000276365	ENST00000384967	5	149430646	149430733	1
ENSG00000198886	ENST00000361381	MT	10760	12137	1
ENSG00000284289	ENST00000611508	22	37967563	37967624	1
ENSG00000276496	ENST00000613383	7	27186166	27186263	1
ENSG00000210176	ENST00000387441	MT	12138	12206	1
ENSG00000275474	ENST00000615688	CHR_HSCHR19LRC_LRC_S_CTG3_1	55052029	55070922	-1
ENSG00000222582	ENST00000410650	4	154787118	154787278	1
ENSG00000210184	ENST00000387449	MT	12207	12265	1
ENSG00000210191	ENST00000387456	MT	12266	12336	1
ENSG00000264405	ENST00000577744	12	69584722	69584823	-1
ENSG00000221498	ENST00000408571	2	183064235	183064346	-1
ENSG00000198786	ENST00000361567	MT	12337	14148	1
ENSG00000278334	ENST00000615604	7	27185832	27186018	1
ENSG00000201583	ENST00000364713	9	105096756	105097061	1
ENSG00000198695	ENST00000361681	MT	14149	14673	-1
ENSG00000252070	ENST00000516261	11	57450183	57450299	1
ENSG00000274280	ENST00000620069	22	35336721	35336799	-1
ENSG00000210194	ENST00000387459	MT	14674	14742	-1
ENSG00000206862	ENST00000384135	X	118569405	118569515	-1
ENSG00000198727	ENST00000361789	MT	14747	15887	1
ENSG00000201910	ENST00000365040	5	104098874	104099038	1
ENSG00000252103	ENST00000516294	20	1529056	1529159	-1
ENSG00000210195	ENST00000387460	MT	15888	15953	1
ENSG00000251841	ENST00000516032	Y	2784749	2784853	1
ENSG00000210196	ENST00000387461	MT	15956	16023	-1
ENSG00000284246	ENST00000613413	11	118644000	118644079	1
ENSG00000202395	ENST00000365525	13	37166352	37166658	-1
ENSG00000223162	ENST00000411230	9	27198287	27198401	1
ENSG00000200998	ENST00000364128	4	78632273	78632385	-1
ENSG00000223245	ENST00000411313	2	41871271	41871388	1
ENSG00000199200	ENST00000362330	10	34201979	34202074	-1
ENSG00000275174	ENST00000612037	15	21428879	21428985	-1
ENSG00000238783	ENST00000459414	15	30355436	30355540	1
ENSG00000207706	ENST00000384973	19	53700015	53700101	1
ENSG00000263479	ENST00000579670	6	96914699	96914995	-1
ENSG00000252441	ENST00000516632	X	115545637	115545717	1
ENSG00000283438	ENST00000635920	22	23132730	23133005	-1
ENSG00000200427	ENST00000363557	6	85777639	85777755	-1
ENSG00000212538	ENST00000391236	1	163923670	163923873	1
ENSG00000239640	ENST00000498506	1	52714399	52714695	1
ENSG00000206606	ENST00000383879	5	51167541	51167647	-1
ENSG00000201179	ENST00000364309	7	105332790	105332896	1
ENSG00000283484	ENST00000637713	15	88611847	88611924	-1
ENSG00000212140	ENST00000390838	2	94846533	94846639	-1
ENSG00000212422	ENST00000391120	7	10222797	10223011	1
ENSG00000252416	ENST00000516607	10	42832447	42832550	-1
ENSG00000207214	ENST00000384485	7	124647719	124647822	1
ENSG00000263615	ENST00000583390	13	99643059	99643149	1
ENSG00000222345	ENST00000410413	3	52691378	52691453	1
ENSG00000278633	ENST00000619792	KI270731.1	10598	13001	-1
ENSG00000253602	ENST00000521103	8	142247585	142247866	-1
ENSG00000274986	ENST00000617817	11	64898363	64898437	-1
ENSG00000206692	ENST00000383965	1	171253906	171254022	-1
ENSG00000277722	ENST00000621307	CHR_HSCHR19LRC_PGF2_CTG3_1	54102906	54107026	1
ENSG00000223313	ENST00000411381	15	40529570	40529673	1
ENSG00000207127	ENST00000384398	17	49416744	49416850	-1
ENSG00000238468	ENST00000459331	20	53668697	53668758	-1
ENSG00000252008	ENST00000516199	12	124901512	124901611	1
ENSG00000199903	ENST00000363033	12	51037499	51037602	1
ENSG00000284415	ENST00000408492	10	98395218	98395307	-1
ENSG00000207221	ENST00000384492	11	83041464	83041598	-1
ENSG00000276729	ENST00000614914	19	50019019	50019320	1
ENSG00000265744	ENST00000585213	1	233624152	233624219	1
ENSG00000222213	ENST00000410281	5	149606637	149606741	-1
ENSG00000238316	ENST00000459201	1	26642286	26642389	-1
ENSG00000202508	ENST00000365638	10	13511206	13511313	-1
ENSG00000281541	ENST00000629038	CHR_HG2030_PATCH	133350995	133351060	1
ENSG00000265392	ENST00000585139	1	6429834	6429896	-1
ENSG00000252498	ENST00000516689	6	75644084	75644177	1
ENSG00000222185	ENST00000410253	14	100998467	100998541	1
ENSG00000264512	ENST00000582551	8	12719132	12719190	1
ENSG00000200636	ENST00000363766	14	100988161	100988230	1
ENSG00000264994	ENST00000585078	2	28913664	28913748	1
ENSG00000242158	ENST00000470785	2	60640705	60641002	1
ENSG00000278459	ENST00000614219	12	7856169	7856471	1
ENSG00000202211	ENST00000365341	15	43247680	43247781	1
ENSG00000201945	ENST00000365075	12	121107043	121107174	1
ENSG00000266776	ENST00000580775	6	31701029	31701091	-1
ENSG00000199933	ENST00000363063	12	101719808	101719918	1
ENSG00000238374	ENST00000459240	5	146245191	146245253	-1
ENSG00000212424	ENST00000391122	15	44884616	44884780	1
ENSG00000202261	ENST00000365391	15	25250859	25250940	1
ENSG00000273845	ENST00000611570	CHR_HSCHR15_3_CTG8	44844600	44844712	1
ENSG00000199603	ENST00000362733	2	38147415	38147521	1
ENSG00000201316	ENST00000364446	8	51015021	51015165	1
ENSG00000202263	ENST00000365393	1	78094807	78094915	-1
ENSG00000280858	ENST00000630979	CHR_HG2030_PATCH	133348362	133351574	1
ENSG00000280858	ENST00000627647	CHR_HG2030_PATCH	133348362	133351574	1
ENSG00000280858	ENST00000625669	CHR_HG2030_PATCH	133348362	133351574	1
ENSG00000280858	ENST00000625844	CHR_HG2030_PATCH	133348362	133351574	1
ENSG00000280858	ENST00000629468	CHR_HG2030_PATCH	133348362	133351574	1
ENSG00000280858	ENST00000631188	CHR_HG2030_PATCH	133348362	133351574	1
ENSG00000280858	ENST00000627260	CHR_HG2030_PATCH	133348362	133351574	1
ENSG00000280858	ENST00000628986	CHR_HG2030_PATCH	133348362	133351574	1
ENSG00000280858	ENST00000629488	CHR_HG2030_PATCH	133348362	133351574	1
ENSG00000222524	ENST00000410592	19	55737285	55737600	1
ENSG00000207484	ENST00000384753	15	51884556	51884653	1
ENSG00000275757	ENST00000618998	KI270733.1	173956	174108	1
ENSG00000200670	ENST00000363800	7	65814672	65814775	1
ENSG00000212036	ENST00000390747	2	49059603	49059658	1
ENSG00000200600	ENST00000363730	5	23994502	23994603	-1
ENSG00000206969	ENST00000384242	14	102865856	102865963	1
ENSG00000241745	ENST00000460504	1	52150104	52150419	1
ENSG00000252261	ENST00000516452	8	32192028	32192153	-1
ENSG00000206867	ENST00000384140	8	41032892	41032998	1
ENSG00000239224	ENST00000479428	14	102582888	102583177	-1
ENSG00000200564	ENST00000363694	15	25241746	25241827	1
ENSG00000222486	ENST00000410554	13	81265747	81265837	1
ENSG00000211580	ENST00000390225	19	46018932	46019049	1
ENSG00000252015	ENST00000516206	2	141167257	141167357	-1
ENSG00000274625	ENST00000614296	22	18605355	18605497	1
ENSG00000277401	ENST00000621049	CHR_HSCHR15_4_CTG8	29850002	29972346	-1
ENSG00000277401	ENST00000613680	CHR_HSCHR15_4_CTG8	29850002	29972346	-1
ENSG00000277401	ENST00000612628	CHR_HSCHR15_4_CTG8	29850002	29972346	-1
ENSG00000277401	ENST00000631203	CHR_HSCHR15_4_CTG8	29850002	29972346	-1
ENSG00000212292	ENST00000390990	1	154295503	154295601	1
ENSG00000207383	ENST00000384653	2	112579484	112579584	-1
ENSG00000275652	ENST00000617519	19	40369846	40369907	1
ENSG00000207170	ENST00000384441	2	18583367	18583468	-1
ENSG00000206630	ENST00000383903	16	2155023	2155105	-1
ENSG00000222658	ENST00000410726	9	12885321	12885417	1
ENSG00000207186	ENST00000384457	2	241584968	241585075	1
ENSG00000285224	ENST00000549900	CHR_HSCHR6_MHC_COX_CTG1	30904070	30916173	1
ENSG00000285224	ENST00000553245	CHR_HSCHR6_MHC_COX_CTG1	30904070	30916173	1
ENSG00000201047	ENST00000364177	10	73082494	73082595	-1
ENSG00000251943	ENST00000516134	1	172613428	172613534	-1
ENSG00000276351	ENST00000617089	KI270721.1	52666	52734	1
ENSG00000238517	ENST00000459320	19	20399272	20399354	-1
ENSG00000206941	ENST00000384214	11	75400391	75400538	1
ENSG00000212388	ENST00000391086	15	84939617	84939723	-1
ENSG00000266038	ENST00000580269	8	6745164	6745244	1
ENSG00000201274	ENST00000364404	5	132848577	132848696	1
ENSG00000200593	ENST00000363723	15	25230838	25230919	1
ENSG00000284190	ENST00000362134	17	59841266	59841337	1
ENSG00000253028	ENST00000517219	7	52269437	52269569	-1
ENSG00000242668	ENST00000497408	19	53629713	53630041	1
ENSG00000252554	ENST00000516745	6	129436875	129436980	-1
ENSG00000200008	ENST00000363138	15	33722492	33722596	1
ENSG00000264893	ENST00000584018	CHR_HSCHR6_MHC_MCF_CTG1	32586571	32586718	-1
ENSG00000252374	ENST00000516565	7	14010669	14010763	-1
ENSG00000266619	ENST00000583943	6	44435641	44435722	1
ENSG00000201962	ENST00000365092	3	25352284	25352392	-1
ENSG00000212460	ENST00000391158	5	138116573	138116680	1
ENSG00000271739	ENST00000606574	7	120005976	120006101	-1
ENSG00000242509	ENST00000480334	20	36870099	36870402	1
ENSG00000207458	ENST00000384727	13	40226827	40226932	1
ENSG00000276153	ENST00000613607	CHR_HSCHR17_7_CTG4	38031608	38031709	-1
ENSG00000202216	ENST00000365346	2	179934402	179934527	-1
ENSG00000207976	ENST00000385241	10	96828669	96828764	-1
ENSG00000263697	ENST00000580529	9	137169186	137169270	-1
ENSG00000201501	ENST00000364631	20	50563009	50563110	1
ENSG00000264073	ENST00000582434	22	27920525	27920612	-1
ENSG00000274663	ENST00000619782	17	38144201	38144287	-1
ENSG00000284229	ENST00000611213	8	144317246	144317315	-1
ENSG00000201574	ENST00000364704	2	231133462	231133630	1
ENSG00000239823	ENST00000497848	17	64390158	64390263	-1
ENSG00000199273	ENST00000362403	7	40128121	40128232	-1
ENSG00000283262	ENST00000636931	2	88367793	88367862	-1
ENSG00000265617	ENST00000581228	20	60564562	60564625	1
ENSG00000283969	ENST00000611830	7	44073378	44073433	-1
ENSG00000277891	ENST00000621978	CHR_HSCHR17_7_CTG4	37912034	37912140	1
ENSG00000201164	ENST00000364294	16	68535515	68535658	1
ENSG00000221697	ENST00000408770	6	33999972	34000051	-1
ENSG00000278770	ENST00000585071	17	45526466	45526746	-1
ENSG00000274932	ENST00000614393	9	123485529	123485622	-1
ENSG00000251904	ENST00000516095	8	88396437	88396547	-1
ENSG00000207734	ENST00000385001	19	53712268	53712354	1
ENSG00000266419	ENST00000581427	CHR_HSCHR6_MHC_DBB_CTG1	31518553	31518628	-1
ENSG00000212160	ENST00000390858	4	110278185	110278291	1
ENSG00000275724	ENST00000610406	CHR_HSCHR19LRC_LRC_T_CTG3_1	54102906	54107026	1
ENSG00000244335	ENST00000480496	X	153666226	153666510	1
ENSG00000264792	ENST00000582405	5	14825929	14826012	-1
ENSG00000277249	ENST00000611997	17	45114367	45114433	-1
ENSG00000264922	ENST00000583532	9	36864254	36864308	-1
ENSG00000252420	ENST00000516611	3	61739127	61739229	-1
ENSG00000284175	ENST00000581461	22	46113566	46113657	1
ENSG00000200860	ENST00000363990	14	66177527	66177635	-1
ENSG00000200608	ENST00000363738	14	100968111	100968185	1
ENSG00000207444	ENST00000384713	14	71398337	71398407	1
ENSG00000207990	ENST00000385255	7	129770383	129770492	-1
ENSG00000207020	ENST00000384293	5	139554900	139555001	-1
ENSG00000207692	ENST00000384959	7	127058088	127058184	-1
ENSG00000274452	ENST00000619225	17	43290291	43290481	-1
ENSG00000201763	ENST00000364893	8	59455885	59456010	1
ENSG00000273961	ENST00000613939	7	27185433	27185530	1
ENSG00000201955	ENST00000365085	5	79170234	79170335	-1
ENSG00000207569	ENST00000384837	14	100881886	100881978	1
ENSG00000212324	ENST00000391022	10	83764358	83764464	1
ENSG00000199410	ENST00000362540	X	16912215	16912317	-1
ENSG00000200842	ENST00000363972	17	62036833	62036945	1
ENSG00000258045	ENST00000553249	12	55731264	55731531	-1
ENSG00000207008	ENST00000384281	11	2963771	2963893	-1
ENSG00000206843	ENST00000384116	7	139315291	139315394	-1
ENSG00000199550	ENST00000362680	11	2372638	2372750	1
ENSG00000263712	ENST00000584938	6	16141556	16141624	1
ENSG00000265014	ENST00000577972	11	46451805	46451889	-1
ENSG00000212182	ENST00000390880	2	114005440	114005655	-1
ENSG00000199801	ENST00000362931	17	69985986	69986094	1
ENSG00000252636	ENST00000516827	17	49036352	49036455	1
ENSG00000283313	ENST00000637524	4	70848136	70848218	-1
ENSG00000207490	ENST00000384759	6	25383599	25383702	1
ENSG00000284085	ENST00000581873	17	28861655	28861730	-1
ENSG00000263511	ENST00000578903	10	641689	641778	-1
ENSG00000200893	ENST00000364023	16	20784509	20784615	1
ENSG00000207082	ENST00000384354	1	164639565	164639671	1
ENSG00000199130	ENST00000362260	16	14309285	14309371	1
ENSG00000264698	ENST00000579351	1	37161563	37161634	1
ENSG00000207118	ENST00000384390	11	123058909	123058995	-1
ENSG00000252370	ENST00000516561	17	34120056	34120167	-1
ENSG00000273929	ENST00000617512	CHR_HSCHR19KIR_ABC08_AB_HAP_T_P_CTG3_1	54868959	54869065	-1
ENSG00000238447	ENST00000458997	17	57685529	57685592	-1
ENSG00000207076	ENST00000384348	6	43474186	43474292	1
ENSG00000242912	ENST00000490382	10	114423770	114424067	-1
ENSG00000200745	ENST00000363875	2	236210373	236210548	-1
ENSG00000207516	ENST00000384785	15	45537250	45537377	1
ENSG00000202182	ENST00000365312	14	63848261	63848362	-1
ENSG00000221241	ENST00000408314	19	50799442	50799532	-1
ENSG00000252404	ENST00000516595	1	9082696	9082879	1
ENSG00000264802	ENST00000577455	1	201719508	201719627	1
ENSG00000278140	ENST00000618624	CHR_HSCHR19KIR_FH08_A_HAP_CTG3_1	54868982	54869088	-1
ENSG00000243339	ENST00000470264	3	196399911	196400207	1
ENSG00000207360	ENST00000384630	9	15776181	15776286	-1
ENSG00000221420	ENST00000408493	3	186786675	186786852	1
ENSG00000212383	ENST00000391081	12	56861375	56861508	1
ENSG00000252113	ENST00000516304	10	67858818	67858871	-1
ENSG00000221476	ENST00000408549	12	100189884	100189949	1
ENSG00000251870	ENST00000516061	18	58926197	58926296	-1
ENSG00000199630	ENST00000362760	6	89841329	89841424	1
ENSG00000278124	ENST00000466485	1	22010650	22010946	1
ENSG00000252074	ENST00000516265	16	30675300	30675402	-1
ENSG00000284489	ENST00000610479	11	65129916	65129978	-1
ENSG00000201405	ENST00000364535	1	23370254	23370346	1
ENSG00000202231	ENST00000365361	X	100822620	100822752	-1
ENSG00000200146	ENST00000363276	11	80527960	80528066	1
ENSG00000222251	ENST00000410319	2	60998752	60998888	1
ENSG00000278322	ENST00000621612	CHR_HSCHR19LRC_COX2_CTG3_1	54173854	54190480	-1
ENSG00000278322	ENST00000611602	CHR_HSCHR19LRC_COX2_CTG3_1	54173854	54190480	-1
ENSG00000278322	ENST00000620636	CHR_HSCHR19LRC_COX2_CTG3_1	54173854	54190480	-1
ENSG00000278378	ENST00000617993	CHR_HSCHR19LRC_PGF2_CTG3_1	54094681	54102740	-1
ENSG00000278378	ENST00000618710	CHR_HSCHR19LRC_PGF2_CTG3_1	54094681	54102740	-1
ENSG00000278378	ENST00000621506	CHR_HSCHR19LRC_PGF2_CTG3_1	54094681	54102740	-1
ENSG00000278378	ENST00000617210	CHR_HSCHR19LRC_PGF2_CTG3_1	54094681	54102740	-1
ENSG00000278378	ENST00000611450	CHR_HSCHR19LRC_PGF2_CTG3_1	54094681	54102740	-1
ENSG00000201545	ENST00000364675	3	19996803	19996925	1
ENSG00000274755	ENST00000619197	9	115734392	115734491	1
ENSG00000239211	ENST00000481233	8	101397636	101397933	-1
ENSG00000206808	ENST00000384081	11	33171381	33171490	-1
ENSG00000253021	ENST00000517212	19	44085213	44085303	-1
ENSG00000239184	ENST00000459032	8	68695643	68695779	1
ENSG00000200313	ENST00000363443	20	5346006	5346160	-1
ENSG00000244514	ENST00000480790	17	48765554	48765847	-1
ENSG00000200623	ENST00000363753	15	66503243	66503314	-1
ENSG00000201535	ENST00000364665	11	118836010	118836111	1
ENSG00000251925	ENST00000516116	Y	23423099	23423236	-1
ENSG00000252577	ENST00000516768	17	60231516	60231646	-1
ENSG00000199914	ENST00000363044	14	100973595	100973664	1
ENSG00000212224	ENST00000390922	20	41712479	41712600	-1
ENSG00000201907	ENST00000365037	15	25239838	25239919	1
ENSG00000221496	ENST00000408569	17	44303965	44304203	1
ENSG00000238493	ENST00000459541	2	55456106	55456204	-1
ENSG00000272469	ENST00000607344	8	73833773	73834042	-1
ENSG00000200135	ENST00000363265	12	112149360	112149472	1
ENSG00000222503	ENST00000410571	10	103673158	103673265	1
ENSG00000221332	ENST00000408405	6	75398860	75399067	-1
ENSG00000200794	ENST00000363924	12	109662863	109663183	-1
ENSG00000199944	ENST00000363074	6	109059509	109059614	-1
ENSG00000275796	ENST00000622042	CHR_HSCHR19LRC_COX2_CTG3_1	54636119	54671975	1
ENSG00000275796	ENST00000619664	CHR_HSCHR19LRC_COX2_CTG3_1	54636119	54671975	1
ENSG00000275796	ENST00000622864	CHR_HSCHR19LRC_COX2_CTG3_1	54636119	54671975	1
ENSG00000275796	ENST00000618789	CHR_HSCHR19LRC_COX2_CTG3_1	54636119	54671975	1
ENSG00000244232	ENST00000480095	3	128785147	128785448	1
ENSG00000210181	ENST00000387446	3	36968191	36968316	-1
ENSG00000242657	ENST00000477181	X	70222006	70222314	-1
ENSG00000202191	ENST00000365321	14	100924824	100924892	1
ENSG00000206766	ENST00000384039	18	24218300	24218404	1
ENSG00000199373	ENST00000362503	18	32176050	32176168	-1
ENSG00000274963	ENST00000581811	1	150568971	150569269	-1
ENSG00000199363	ENST00000362493	3	183453814	183453944	1
ENSG00000277242	ENST00000616027	CHR_HSCHR16_1_CTG1	16399228	16399327	-1
ENSG00000266672	ENST00000578860	CHR_HSCHR6_MHC_COX_CTG1	29578848	29578931	1
ENSG00000199874	ENST00000363004	18	24170505	24170623	-1
ENSG00000212363	ENST00000391061	5	74882656	74882783	-1
ENSG00000206739	ENST00000384012	22	19045256	19045367	1
ENSG00000252011	ENST00000516202	1	246833448	246833529	-1
ENSG00000251844	ENST00000516035	12	97552137	97552228	-1
ENSG00000252826	ENST00000517017	1	143720510	143720644	-1
ENSG00000199929	ENST00000363059	16	26028912	26029025	1
ENSG00000265882	ENST00000585239	3	195553792	195554043	1
ENSG00000200162	ENST00000363292	3	153607377	153607479	1
ENSG00000222439	ENST00000410507	20	63337339	63337449	1
ENSG00000274075	ENST00000616635	12	27824207	27824382	-1
ENSG00000201355	ENST00000364485	1	228639337	228639455	-1
ENSG00000265634	ENST00000581263	CHR_HSCHR6_MHC_APD_CTG1	29582350	29582433	1
ENSG00000274046	ENST00000617336	21	7092616	7092716	1
ENSG00000199458	ENST00000362588	6	121453981	121454121	-1
ENSG00000201358	ENST00000364488	14	50068568	50068873	1
ENSG00000200949	ENST00000364079	15	25228967	25229048	1
ENSG00000222666	ENST00000410734	10	28408039	28408251	-1
ENSG00000275981	ENST00000621460	3	4750333	4750685	1
ENSG00000272533	ENST00000606769	14	103337849	103337974	1
ENSG00000212330	ENST00000391028	14	102501676	102501779	1
ENSG00000199405	ENST00000362535	8	55902723	55902855	-1
ENSG00000273782	ENST00000620952	19	15834730	15834804	1
ENSG00000200163	ENST00000363293	15	25203227	25203308	1
ENSG00000272435	ENST00000607318	12	34205699	34205817	1
ENSG00000252587	ENST00000516778	16	35754923	35755033	1
ENSG00000239471	ENST00000492309	15	20095733	20096029	-1
ENSG00000283200	ENST00000637127	8	128008898	128008956	1
ENSG00000278712	ENST00000613888	CHR_HSCHR19LRC_PGF2_CTG3_1	54190866	54195141	1
ENSG00000278712	ENST00000615811	CHR_HSCHR19LRC_PGF2_CTG3_1	54190866	54195141	1
ENSG00000278712	ENST00000614984	CHR_HSCHR19LRC_PGF2_CTG3_1	54190866	54195141	1
ENSG00000265510	ENST00000585278	2	88812370	88812454	1
ENSG00000252147	ENST00000516338	X	119456558	119456658	1
ENSG00000265422	ENST00000581646	1	22719517	22719598	1
ENSG00000206738	ENST00000384011	4	2615124	2615224	-1
ENSG00000274063	ENST00000616686	CHR_HSCHR6_MHC_COX_CTG1	29060593	29073129	1
ENSG00000284357	ENST00000385130	1	9151668	9151777	-1
ENSG00000264024	ENST00000581070	14	105858124	105858175	-1
ENSG00000244618	ENST00000465067	6	25031009	25031287	-1
ENSG00000220988	ENST00000408061	19	50802328	50802418	-1
ENSG00000274809	ENST00000611069	10	3991160	3991259	1
ENSG00000252897	ENST00000517088	2	82268612	82268706	1
ENSG00000242281	ENST00000485164	9	129370170	129370461	-1
ENSG00000211574	ENST00000390219	14	100852390	100852487	1
ENSG00000263512	ENST00000580794	15	66040233	66040332	1
ENSG00000199849	ENST00000362979	1	164351273	164351388	1
ENSG00000276222	ENST00000614338	CHR_HSCHR17_2_CTG5	46226740	46226841	-1
ENSG00000265535	ENST00000583379	1	59974757	59975054	-1
ENSG00000207117	ENST00000384389	2	159536244	159536346	-1
ENSG00000222874	ENST00000410942	20	46859333	46859672	1
ENSG00000207041	ENST00000384314	X	141118030	141118136	-1
ENSG00000252684	ENST00000516875	5	76948791	76948870	1
ENSG00000212199	ENST00000390897	2	131229607	131229713	1
ENSG00000206639	ENST00000383912	X	21872707	21872808	1
ENSG00000278643	ENST00000620113	19	11033727	11033912	1
ENSG00000277707	ENST00000622636	CHR_HSCHR19LRC_PGF1_CTG3_1	54115536	54131896	1
ENSG00000277707	ENST00000620861	CHR_HSCHR19LRC_PGF1_CTG3_1	54115536	54131896	1
ENSG00000207430	ENST00000384699	15	30581184	30581316	1
ENSG00000201579	ENST00000364709	12	56588518	56588621	1
ENSG00000281309	ENST00000629980	CHR_HG2030_PATCH	133328922	133336546	-1
ENSG00000281309	ENST00000628950	CHR_HG2030_PATCH	133328922	133336546	-1
ENSG00000274759	ENST00000611169	4	67439992	67440118	1
ENSG00000284360	ENST00000618986	12	62260359	62260454	1
ENSG00000252426	ENST00000516617	Y	25723342	25723495	1
ENSG00000199755	ENST00000362885	14	67340068	67340176	1
ENSG00000221628	ENST00000408701	2	207269275	207269424	-1
ENSG00000276580	ENST00000610739	8	6622124	6622220	-1
ENSG00000240772	ENST00000493390	4	167400495	167400762	-1
ENSG00000265776	ENST00000584855	16	18405698	18405762	-1
ENSG00000199219	ENST00000362349	5	173362134	173362240	-1
ENSG00000212553	ENST00000391251	13	39857135	39857227	-1
ENSG00000200091	ENST00000363221	6	75654970	75655299	-1
ENSG00000207156	ENST00000384427	3	146996607	146996713	-1
ENSG00000272036	ENST00000606837	11	72615063	72615130	-1
ENSG00000281156	ENST00000630427	9	92292458	92292547	-1
ENSG00000201807	ENST00000364937	6	136855698	136855831	-1
ENSG00000243548	ENST00000496350	4	28711198	28711476	1
ENSG00000283904	ENST00000385060	21	25573980	25574044	1
ENSG00000276176	ENST00000622481	11	128522390	128522449	1
ENSG00000252955	ENST00000517146	4	72965178	72965303	1
ENSG00000252132	ENST00000516323	10	38043873	38043975	-1
ENSG00000201351	ENST00000364481	14	90177222	90177330	1
ENSG00000278328	ENST00000617379	19	55239912	55239976	-1
ENSG00000242266	ENST00000469290	7	147940007	147940301	1
ENSG00000207468	ENST00000384737	10	119060011	119060138	-1
ENSG00000227773	ENST00000458371	1	155396010	155396978	-1
ENSG00000142530	ENST00000593796	19	50466785	50476753	-1
ENSG00000142530	ENST00000600100	19	50466785	50476753	-1
ENSG00000142530	ENST00000602178	19	50466785	50476753	-1
ENSG00000142530	ENST00000595790	19	50466785	50476753	-1
ENSG00000142530	ENST00000599206	19	50466785	50476753	-1
ENSG00000142530	ENST00000600330	19	50466785	50476753	-1
ENSG00000232672	ENST00000431536	1	77773865	77774864	-1
ENSG00000086967	ENST00000357701	19	50432903	50466321	1
ENSG00000086967	ENST00000597498	19	50432903	50466321	1
ENSG00000142552	ENST00000270645	19	49527618	49546962	1
ENSG00000142552	ENST00000597801	19	49527618	49546962	1
ENSG00000142552	ENST00000593644	19	49527618	49546962	1
ENSG00000142552	ENST00000598833	19	49527618	49546962	1
ENSG00000142552	ENST00000593483	19	49527618	49546962	1
ENSG00000274029	ENST00000619282	12	121190868	121191518	1
ENSG00000275433	ENST00000617584	CHR_HSCHR19KIR_FH08_A_HAP_CTG3_1	54726054	54736537	1
ENSG00000112379	ENST00000251691	6	138161921	138344663	1
ENSG00000103642	ENST00000261893	15	63121800	63142061	1
ENSG00000103642	ENST00000413507	15	63121800	63142061	1
ENSG00000103642	ENST00000557972	15	63121800	63142061	1
ENSG00000103642	ENST00000559782	15	63121800	63142061	1
ENSG00000228150	ENST00000445884	1	9942923	9949974	1
ENSG00000232144	ENST00000426107	2	62552463	62553434	-1
ENSG00000170855	ENST00000546954	12	120443961	120446412	-1
ENSG00000170855	ENST00000302432	12	120443961	120446412	-1
ENSG00000233705	ENST00000629014	7	107653968	107662151	-1
